{
  "blocked_ips": {
    "185.192.69.3": {
      "reason": "Consecutive 404 errors (5)",
      "blocked_at": 1752148681.546168,
      "blocked_until": 1752152281.546168,
      "duration": 3600
    }
  },
  "whitelist": [
    "71.208.153.160",
    "34.174.132.172",
    "34.174.15.163"
  ],
  "trusted_networks": [],
  "saved_at": 1752150253.456874
}