{
  "blocked_ips": {
    "167.94.145.110": {
      "reason": "Consecutive 404 errors (5)",
      "blocked_at": 1753143842.2677538,
      "blocked_until": 1753147442.2677538,
      "duration": 3600
    }
  },
  "whitelist": [
    "34.174.132.172",
    "71.3.65.146",
    "34.174.15.163",
    "71.208.153.160"
  ],
  "trusted_networks": [],
  "saved_at": 1753143842.2677588
}